bank,keyword
com.combanketh.mobilebanking,good
com.combanketh.mobilebanking,app
com.combanketh.mobilebanking,nice
com.combanketh.mobilebanking,best
com.combanketh.mobilebanking,good app
com.combanketh.mobilebanking,use
com.combanketh.mobilebanking,like
com.combanketh.mobilebanking,cbe
com.combanketh.mobilebanking,ok
com.combanketh.mobilebanking,excellent
com.combanketh.mobilebanking,nice app
com.combanketh.mobilebanking,great
com.combanketh.mobilebanking,easy
com.combanketh.mobilebanking,best app
com.combanketh.mobilebanking,wow
com.combanketh.mobilebanking,application
com.combanketh.mobilebanking,bank
com.combanketh.mobilebanking,working
com.combanketh.mobilebanking,update
com.combanketh.mobilebanking,fast
com.combanketh.mobilebanking,work
com.combanketh.mobilebanking,service
com.combanketh.mobilebanking,easy use
com.combanketh.mobilebanking,thank
com.combanketh.mobilebanking,love
com.combanketh.mobilebanking,banking
com.combanketh.mobilebanking,time
com.combanketh.mobilebanking,amazing
com.combanketh.mobilebanking,transaction
com.combanketh.mobilebanking,bad
com.combanketh.mobilebanking,mobile
com.combanketh.mobilebanking,thanks
com.combanketh.mobilebanking,great app
com.combanketh.mobilebanking,simple
com.combanketh.mobilebanking,money
com.combanketh.mobilebanking,better
com.combanketh.mobilebanking,transfer
com.combanketh.mobilebanking,account
com.combanketh.mobilebanking,perfect
com.combanketh.mobilebanking,doesn
com.boa.boaMobileBanking,good
com.boa.boaMobileBanking,app
com.boa.boaMobileBanking,best
com.boa.boaMobileBanking,nice
com.boa.boaMobileBanking,working
com.boa.boaMobileBanking,boa
com.boa.boaMobileBanking,bank
com.boa.boaMobileBanking,work
com.boa.boaMobileBanking,good app
com.boa.boaMobileBanking,worst
com.boa.boaMobileBanking,banking
com.boa.boaMobileBanking,mobile
com.boa.boaMobileBanking,great
com.boa.boaMobileBanking,excellent
com.boa.boaMobileBanking,like
com.boa.boaMobileBanking,ok
com.boa.boaMobileBanking,doesn
com.boa.boaMobileBanking,bad
com.boa.boaMobileBanking,use
com.boa.boaMobileBanking,update
com.boa.boaMobileBanking,wow
com.boa.boaMobileBanking,slow
com.boa.boaMobileBanking,time
com.boa.boaMobileBanking,best app
com.boa.boaMobileBanking,application
com.boa.boaMobileBanking,doesn work
com.boa.boaMobileBanking,mobile banking
com.boa.boaMobileBanking,fast
com.boa.boaMobileBanking,service
com.boa.boaMobileBanking,open
com.boa.boaMobileBanking,ነው
com.boa.boaMobileBanking,fix
com.boa.boaMobileBanking,worst app
com.boa.boaMobileBanking,poor
com.boa.boaMobileBanking,banking app
com.boa.boaMobileBanking,crashes
com.boa.boaMobileBanking,thank
com.boa.boaMobileBanking,better
com.boa.boaMobileBanking,easy
com.boa.boaMobileBanking,developer
com.dashen.dashensuperapp,good
com.dashen.dashensuperapp,app
com.dashen.dashensuperapp,best
com.dashen.dashensuperapp,nice
com.dashen.dashensuperapp,wow
com.dashen.dashensuperapp,dashen
com.dashen.dashensuperapp,bank
com.dashen.dashensuperapp,super
com.dashen.dashensuperapp,amazing
com.dashen.dashensuperapp,fast
com.dashen.dashensuperapp,easy
com.dashen.dashensuperapp,use
com.dashen.dashensuperapp,banking
com.dashen.dashensuperapp,ok
com.dashen.dashensuperapp,super app
com.dashen.dashensuperapp,dashen bank
com.dashen.dashensuperapp,application
com.dashen.dashensuperapp,great
com.dashen.dashensuperapp,best app
com.dashen.dashensuperapp,excellent
com.dashen.dashensuperapp,nice app
com.dashen.dashensuperapp,slow
com.dashen.dashensuperapp,like
com.dashen.dashensuperapp,step
com.dashen.dashensuperapp,user
com.dashen.dashensuperapp,easy use
com.dashen.dashensuperapp,ahead
com.dashen.dashensuperapp,features
com.dashen.dashensuperapp,working
com.dashen.dashensuperapp,mobile
com.dashen.dashensuperapp,good app
com.dashen.dashensuperapp,amazing app
com.dashen.dashensuperapp,experience
com.dashen.dashensuperapp,friendly
com.dashen.dashensuperapp,step ahead
com.dashen.dashensuperapp,love
com.dashen.dashensuperapp,really
com.dashen.dashensuperapp,work
com.dashen.dashensuperapp,transaction
com.dashen.dashensuperapp,time
